12,182,1,182,,,,,,,,,,,,,,,,,,,,,,,,,,,,,,,,,,
,,,,,,,,,,,,,,,,,,,,,,,,,,,,,,,,,,,,,
,,D13,,,SSR8,,,SSR4,,,Pi04,,,Pi70,,,SSR6,,,Pi63,,,G11,,,SSR3,,,SSR11,,,SSR2,,,Pi4B,,
H1,H.Int,136,142,154,260,266,0,284,294,0,166,170,0,192,192,0,240,244,0,273,279,0,154,160,0,266,268,0,341,341,0,173,173,0,205,213,0
H2,H.Int,136,140,154,260,266,0,284,294,0,166,170,0,192,192,0,240,244,0,273,279,0,154,160,0,266,268,0,341,341,0,173,173,0,205,213,0
H3,H.Int,136,140,158,260,266,0,284,294,0,166,170,0,192,192,0,240,244,0,273,279,0,154,160,0,266,268,0,341,341,0,173,173,0,205,213,0
H7,H.Int,136,142,158,260,266,0,284,294,0,166,170,0,192,192,0,240,244,0,273,279,0,154,160,0,266,268,0,341,341,0,173,173,0,205,213,0
H10,H.Int,136,152,0,264,264,0,284,294,0,166,170,0,192,192,0,240,244,0,273,279,0,154,160,0,266,266,0,341,341,0,173,173,0,205,213,0
H11,H.Int,136,140,152,260,266,0,284,292,294,166,170,0,192,192,0,240,244,0,273,279,0,154,160,0,266,266,0,341,341,0,173,173,0,205,213,0
H12,H.Int,140,154,0,260,266,0,284,294,0,166,170,0,192,192,0,240,244,0,273,279,0,154,160,164,266,268,0,341,341,0,173,173,0,205,213,0
H13,H.Int,136,140,154,260,266,0,284,294,0,166,170,0,192,192,0,240,244,0,273,279,0,154,160,0,266,268,0,329,341,0,173,173,0,205,213,0
H14,H.Int,136,140,152,260,266,0,284,294,0,166,170,0,192,192,0,240,244,0,273,279,0,154,160,0,266,266,0,341,341,0,173,173,0,205,213,0
H16,H.Int,136,140,156,260,260,0,284,294,296,166,170,0,192,192,0,240,244,0,273,279,0,154,160,0,266,268,0,341,341,0,173,173,0,205,217,0
H17,H.Int,136,140,152,260,266,0,284,294,0,166,170,0,192,192,0,240,244,0,273,279,0,154,160,166,266,266,0,341,341,0,173,173,0,205,213,0
H18,H.Int,0,0,0,264,264,0,284,294,0,166,170,0,192,192,0,240,244,0,273,279,0,154,160,0,266,266,0,329,341,0,173,173,0,205,213,0
H19,H.Int,136,144,156,260,264,266,284,294,0,166,170,0,192,192,0,240,244,0,273,279,0,154,160,0,266,268,0,329,341,0,173,173,0,205,213,0
H20,H.Int,136,142,158,260,266,0,284,294,0,166,170,0,192,192,0,240,244,0,273,279,0,154,160,0,266,268,0,341,341,0,173,173,0,205,213,0
H21,H.Int,136,140,158,260,266,0,284,294,296,166,170,0,192,192,0,240,244,0,273,279,0,154,160,0,266,268,0,341,341,0,173,173,0,205,213,0
H22,H.Int,136,140,152,260,266,0,284,294,0,166,170,0,192,192,0,240,244,0,273,279,0,154,160,0,266,266,0,341,341,0,173,173,0,205,213,0
H23,H.Int,136,140,152,260,266,0,284,294,0,166,170,0,192,192,0,240,244,0,273,279,0,154,160,0,266,266,0,341,341,0,173,173,0,205,213,0
H24,H.Int,136,140,152,260,266,0,284,294,296,166,170,0,192,192,0,240,244,0,273,279,0,154,160,0,266,266,0,341,341,0,173,173,0,205,213,0
H25,H.Int,138,140,152,260,266,0,284,294,296,166,170,0,192,192,0,240,244,0,273,279,0,154,160,0,266,266,0,341,341,0,173,173,0,205,213,0
H26,H.Int,136,140,158,260,266,0,284,294,296,166,170,0,192,192,0,240,244,0,273,279,0,154,160,0,266,268,0,341,341,0,173,173,0,205,213,0
H27,H.Int,136,140,152,260,266,0,284,294,0,166,170,0,192,192,0,240,244,0,273,279,0,154,160,0,266,266,0,341,341,0,173,173,0,205,213,0
H28,H.Int,136,142,158,260,266,0,284,294,0,166,170,0,192,192,0,240,244,0,273,279,0,154,160,0,266,268,0,341,341,0,173,173,0,205,213,0
H30,H.Int,136,142,158,260,266,0,284,294,0,166,170,0,189,189,0,240,244,0,273,279,0,154,160,0,266,268,0,341,341,0,173,173,0,205,213,0
H32,H.Int,136,154,0,260,266,0,284,294,0,166,170,0,192,192,0,240,244,0,273,279,0,154,160,164,266,268,0,341,341,0,173,173,0,205,213,0
H33,H.Int,136,142,158,260,266,0,284,294,0,166,170,0,192,192,0,240,244,0,273,279,0,154,160,0,266,268,0,341,341,0,173,173,0,205,213,0
H34,H.Int,136,146,158,260,266,0,284,294,296,166,170,0,192,192,0,240,244,0,273,279,0,154,160,0,266,268,0,341,341,0,173,173,0,205,213,0
H35,H.Int,136,154,0,260,266,0,284,294,0,166,170,0,192,192,0,240,244,0,273,279,0,154,160,164,266,268,0,341,341,0,173,173,0,205,213,0
H36,H.Int,136,162,0,260,266,0,284,294,0,166,170,0,192,192,0,240,244,0,273,279,0,154,160,164,266,268,0,341,341,0,173,173,0,205,213,0
H38,H.Int,136,162,0,260,266,0,284,294,0,166,170,0,192,192,0,240,244,0,273,279,0,154,160,164,266,268,0,341,341,0,173,173,0,205,213,0
H39,H.Int,136,162,0,260,266,0,284,294,0,166,170,0,192,192,0,240,244,0,273,279,0,154,160,164,266,268,0,341,341,0,173,173,0,205,213,0
H40,H.Int,136,162,0,260,266,0,284,294,0,166,170,0,192,192,0,240,244,0,273,279,0,154,160,164,266,268,0,341,341,0,173,173,0,205,213,0
H41,H.Int,140,158,0,260,266,0,284,294,0,166,170,0,192,192,0,240,244,0,273,279,0,154,160,0,266,268,0,341,341,0,173,173,0,205,213,0
H42,H.Int,136,140,152,260,266,0,284,294,0,166,170,0,192,192,0,240,244,0,273,279,0,154,160,0,266,266,0,341,341,0,173,173,0,205,213,0
H44,H.Int,136,142,154,0,0,0,284,294,0,166,168,170,192,192,0,240,244,0,0,0,0,154,160,0,266,268,0,0,0,0,173,175,0,205,213,0
H45,H.Int,136,140,158,260,266,0,284,294,0,166,170,0,192,192,0,240,244,0,273,279,0,154,160,0,266,268,0,341,341,0,173,173,0,205,213,0
H46,H.Int,140,158,0,260,266,0,284,294,0,166,170,0,192,192,0,240,244,0,273,279,0,154,160,0,266,268,0,341,341,0,173,173,0,205,213,0
H47,H.Int,140,158,0,260,266,0,284,294,0,166,170,0,192,192,0,240,244,0,273,279,0,154,160,0,266,268,0,341,341,0,173,173,0,205,213,0
H48,H.Int,136,144,158,260,266,0,284,294,0,166,170,0,192,192,0,240,244,0,273,279,0,154,160,0,266,268,0,341,341,0,173,173,0,205,213,0
H49,H.Int,140,154,0,260,266,0,284,294,296,166,170,0,192,192,0,240,244,0,273,279,0,154,160,0,266,268,0,341,341,0,173,173,0,205,213,0
H50,H.Int,136,140,154,260,266,0,284,294,0,166,170,0,192,192,0,240,244,0,273,279,0,152,160,0,266,268,0,341,341,0,173,173,0,205,213,0
H51,H.Int,136,140,152,260,266,0,284,294,0,166,170,0,192,192,0,240,244,0,273,279,0,154,160,0,266,266,0,341,341,0,173,173,0,205,213,0
H52,H.Int,136,140,152,260,262,266,284,294,0,166,170,0,192,192,0,240,244,0,273,279,0,154,160,0,266,266,0,329,341,0,173,173,0,205,213,0
H53,H.Int,136,140,156,260,266,0,284,294,0,166,170,0,192,192,0,240,244,0,273,279,0,154,160,0,266,266,0,329,341,0,173,173,0,205,213,0
H54,H.Int,136,142,0,260,262,266,284,294,298,166,168,170,192,192,0,240,244,0,273,279,0,154,160,0,266,268,0,329,341,0,173,173,0,205,213,0
H57,H.Int,136,140,160,260,266,0,284,294,0,166,168,170,192,192,0,240,244,0,273,279,0,154,160,0,266,268,0,329,341,0,173,173,0,205,213,0
H62,H.Int,136,144,158,260,266,0,284,294,0,166,170,0,192,192,0,240,244,0,273,279,0,154,160,0,266,268,0,341,341,0,173,173,0,205,213,0
H64,H.Int,136,140,152,260,266,0,284,294,0,166,168,170,192,192,0,240,244,0,273,279,0,154,160,0,266,268,0,341,341,0,173,173,0,205,213,0
H68,H.Lemp,136,142,160,260,266,0,284,294,0,166,168,170,192,192,0,240,244,0,273,279,0,154,160,0,266,268,0,329,341,0,173,173,0,205,213,0
H69,H.Int,136,142,160,260,266,0,284,294,0,166,168,170,192,192,0,240,244,0,273,279,0,154,160,0,266,268,0,341,341,0,173,173,0,205,213,0
H70,H.Int,136,140,158,260,266,0,284,294,0,166,168,170,192,192,0,240,244,0,273,279,0,154,160,0,266,268,0,329,341,0,173,173,0,205,213,0
H72,H.Int,136,140,158,260,266,0,284,294,0,166,168,170,192,192,0,240,244,0,273,279,0,154,160,0,266,268,0,329,341,0,173,173,0,205,213,0
H74,H.Int,136,140,0,260,266,0,284,294,0,166,168,170,192,192,0,240,244,0,273,279,0,154,160,0,266,268,0,341,341,0,173,173,0,205,213,0
H80,H.Int,136,140,158,260,266,0,284,294,0,166,170,0,192,192,0,240,244,0,273,279,0,154,160,164,266,268,0,329,341,0,173,173,0,205,213,0
H81,H.Int,140,158,0,260,266,0,284,294,0,166,170,0,192,192,0,240,244,0,273,279,0,154,160,0,266,268,0,341,341,0,173,173,0,205,213,0
H82,H.Int,136,142,158,260,266,0,284,294,0,166,170,0,192,192,0,240,244,0,273,279,0,154,160,0,266,268,0,341,341,0,173,173,0,205,213,0
H83,H.Oco,136,140,152,260,266,0,284,294,0,166,170,0,192,192,0,240,244,0,273,279,0,154,160,0,266,266,0,341,341,0,173,173,0,205,213,0
H88,H.Int,138,140,154,258,264,0,284,292,294,166,170,0,192,192,0,240,244,0,273,279,0,154,160,0,266,268,0,341,341,0,173,173,0,205,213,0
H91,H.Int,134,140,154,258,264,0,284,292,294,166,170,0,192,192,0,240,244,0,273,279,0,154,160,0,266,266,0,341,341,0,173,173,0,205,213,0
H102,H.Int,0,0,0,264,266,0,284,284,0,166,170,0,192,192,0,242,244,0,270,279,0,134,156,0,266,268,0,331,341,355,173,175,0,205,213,0
H107,H.Int,136,140,152,260,266,0,284,292,294,166,170,0,192,192,0,240,244,0,273,279,0,154,160,0,266,266,0,341,341,0,173,173,0,205,213,0
H112,H.FrMz,136,158,0,260,266,0,284,294,0,166,170,0,192,192,0,240,244,0,273,279,0,154,160,164,266,268,0,341,341,0,173,173,0,205,213,0
H117,H.Int,136,140,156,260,266,0,284,294,0,166,170,0,192,192,0,240,244,0,273,279,0,154,160,0,266,266,0,341,341,0,173,173,0,205,213,0
H120,H.Int,0,0,0,264,266,0,284,296,0,166,170,0,192,192,0,242,244,0,270,279,0,134,152,160,266,268,0,331,341,355,173,173,0,205,213,0
H126,H.Int,136,136,0,264,266,0,284,292,0,166,170,0,192,192,0,242,244,0,270,279,0,156,156,0,266,268,0,341,355,0,173,175,0,205,213,217
H134,H.Int,0,0,0,264,266,0,284,286,296,166,170,0,192,192,0,242,244,0,270,279,0,138,156,0,266,268,0,331,341,355,173,173,0,205,213,0
H137,H.Int,140,156,0,260,266,0,284,294,0,166,170,0,192,192,0,240,244,0,273,279,0,154,160,0,266,268,0,341,341,0,173,173,0,205,213,0
H142,H.Int,136,140,158,260,266,0,284,294,0,166,170,0,192,192,0,240,244,0,273,279,0,154,160,0,266,268,0,341,341,0,173,173,0,205,213,0
H149,H.Int,110,110,0,264,266,0,284,286,296,166,170,0,192,192,0,242,244,0,270,279,0,134,156,0,266,268,0,331,341,355,173,173,0,205,213,0
H155,H.Int,136,136,0,264,266,0,284,292,0,166,170,0,192,192,0,242,244,0,270,279,0,156,156,0,266,268,0,341,355,0,173,175,0,205,213,217
H161,H.Int,110,110,0,264,266,0,284,284,0,166,170,0,192,192,0,242,244,0,270,279,0,134,156,0,266,268,0,331,341,355,173,175,0,205,213,0
H166,H.Int,136,144,158,260,266,0,284,294,0,166,170,0,192,192,0,240,244,0,273,279,0,154,160,0,266,268,0,341,341,0,173,173,0,205,213,0
H55,H.Int,134,136,0,0,0,0,284,292,0,166,170,0,192,192,0,242,244,0,279,279,0,156,156,0,268,268,0,331,331,0,173,175,0,205,213,217
H59,H.Int,140,142,158,260,260,0,284,292,294,166,170,0,192,192,0,240,244,0,273,279,0,154,160,164,266,268,0,341,341,0,173,173,0,205,213,0
H63,H.Oco,136,136,162,260,266,0,284,292,296,166,170,0,192,192,0,240,244,0,273,279,0,154,160,164,266,272,0,341,341,0,173,173,0,205,213,0
H66,H.Int,136,140,156,260,266,0,284,294,0,166,170,0,192,192,0,240,244,0,273,279,0,154,160,164,266,268,0,341,341,0,173,173,0,205,213,0
H73,H.Int,154,154,0,260,260,0,284,292,294,166,170,0,192,192,0,240,244,0,279,279,0,154,160,0,266,268,0,341,341,0,173,173,0,205,213,0
H77,H.Int,136,140,162,260,260,0,284,294,0,166,170,0,192,192,0,240,244,0,273,279,0,154,160,0,266,268,0,341,341,0,173,173,0,205,213,0
H85,H.Int,140,142,152,260,266,0,284,294,0,166,170,0,192,192,0,240,244,0,273,279,0,154,160,0,266,268,0,341,341,0,173,173,0,205,213,0
H86,H.Int,136,140,158,260,266,0,284,294,0,166,170,0,192,192,0,240,244,0,273,279,0,154,160,0,266,268,0,341,341,0,173,173,0,205,213,0
H89,H.Int,140,142,158,260,266,0,284,294,0,166,170,0,192,192,0,240,244,0,273,279,0,154,160,164,266,268,0,341,341,0,173,173,0,205,213,0
H90,H.Oco,136,140,152,260,264,0,284,284,0,166,166,0,192,192,0,240,244,0,273,279,0,154,160,0,266,266,0,341,341,0,173,173,0,205,213,0
H94,H.Oco,140,156,158,260,266,0,284,294,0,166,170,0,192,192,0,240,244,0,273,279,0,154,160,0,266,268,0,341,341,0,173,173,0,205,213,0
H98,H.Int,140,142,158,260,266,0,284,294,0,166,170,0,192,192,0,240,244,0,273,279,0,154,160,164,266,268,0,341,341,0,173,173,0,205,213,0
H100,H.Int,136,140,156,260,266,0,284,294,0,166,170,0,192,192,0,240,244,0,273,279,0,154,160,0,266,268,0,341,341,0,173,173,0,205,213,0
H101,H.Int,136,140,156,260,266,0,284,294,0,166,170,0,192,192,0,240,244,0,273,279,0,154,160,0,266,268,0,341,341,0,173,173,0,205,213,0
H103,H.Int,138,140,152,260,266,0,284,294,0,166,170,0,192,192,0,240,244,0,273,279,0,154,160,164,266,268,0,341,341,0,173,173,0,205,213,0
H104,H.Int,140,160,0,260,266,0,284,298,0,166,170,0,192,192,0,240,244,0,273,279,0,154,160,164,266,268,0,341,341,0,173,173,0,205,213,0
H105,H.Int,136,140,162,260,266,0,284,294,0,166,170,0,192,192,0,240,244,0,273,279,0,154,160,0,266,268,0,341,341,0,173,173,0,205,213,0
H108,H.Int,136,140,152,260,266,0,284,294,296,166,170,0,192,192,0,240,244,0,273,279,0,154,160,0,266,268,0,341,341,0,173,173,0,205,213,0
H109,H.Int,140,142,158,260,264,266,284,294,298,166,170,0,192,192,0,240,244,0,273,279,0,154,160,164,266,268,0,341,341,0,173,173,0,205,213,0
H110,H.Int,140,156,0,260,266,0,284,294,0,166,170,0,192,192,0,240,244,0,273,279,0,154,164,0,266,268,0,341,341,0,173,173,0,205,213,0
H113,H.FrMz,142,146,150,260,264,266,284,294,296,166,170,0,192,192,0,240,244,0,273,279,0,154,158,160,264,266,268,341,341,0,173,173,0,205,213,0
H114,H.FrMz,142,146,150,260,264,266,284,294,296,166,170,0,192,192,0,240,244,0,273,279,0,154,158,160,264,266,268,341,341,0,173,173,0,205,213,0
H115,H.FrMz,144,146,150,260,266,0,284,292,296,166,170,0,192,192,0,240,244,0,273,279,0,154,158,160,264,266,268,341,341,0,173,173,0,205,213,0
H119,H.Int,136,140,156,260,266,0,284,294,0,166,170,0,192,192,0,240,244,0,273,279,0,154,160,0,266,268,0,341,341,0,173,173,0,205,213,0
H121,H.Int,136,140,152,260,266,0,284,294,0,166,170,0,192,192,0,240,244,0,273,279,0,154,160,0,266,268,0,341,341,0,173,173,0,205,213,0
H123,H.Int,140,142,158,260,266,0,284,294,0,166,170,0,192,192,0,240,244,0,273,279,0,154,160,0,266,268,0,341,341,0,173,173,0,205,213,0
H124,H.Int,136,158,160,260,266,0,284,294,0,166,170,0,192,192,0,240,244,0,273,279,0,160,160,0,266,268,0,341,341,0,173,173,0,205,213,0
H125,H.Int,132,144,158,260,266,0,284,294,0,166,170,0,192,192,0,240,244,0,273,279,0,154,160,164,266,268,0,341,341,0,173,173,0,205,213,0
H127,H.Int,136,140,156,260,266,0,284,294,0,166,170,0,192,192,0,240,244,0,273,279,0,154,160,0,266,268,0,341,341,0,173,173,0,205,213,0
H130,H.Int,136,140,156,260,266,0,284,294,0,166,170,0,192,192,0,240,244,0,273,279,0,154,160,0,266,268,0,341,341,0,173,173,0,205,213,0
H132,H.Int,136,140,152,260,266,0,284,294,0,166,170,0,192,192,0,234,240,244,273,279,0,154,160,0,266,268,0,341,341,0,173,173,0,205,213,0
H133,H.Int,136,140,156,260,266,0,284,294,0,166,170,0,192,192,0,240,244,0,273,279,0,154,160,0,266,268,0,341,341,0,173,173,0,205,213,0
H135,H.Int,136,142,158,260,266,0,284,294,298,166,170,0,192,192,0,240,244,0,273,279,0,154,160,0,266,268,0,341,341,0,173,173,0,205,213,0
H136,H.Int,136,140,156,260,266,0,284,294,0,166,170,0,192,192,0,240,244,0,273,279,0,154,160,0,266,268,0,341,341,0,173,173,0,205,213,0
H138,H.Int,136,140,154,260,266,0,284,294,0,166,170,0,192,192,0,240,244,0,273,279,0,154,160,0,266,268,0,341,341,0,173,173,0,205,213,0
H139,H.Int,136,140,156,260,266,0,284,294,0,166,170,0,192,192,0,240,244,0,273,279,0,154,160,0,266,268,0,341,341,0,173,173,0,205,213,0
H140,H.Int,140,142,158,260,266,0,284,294,0,166,170,0,192,192,0,240,244,0,273,279,0,154,160,164,266,268,0,341,341,0,173,173,0,205,213,0
H141,H.Int,136,144,154,260,266,0,284,294,0,166,170,0,192,192,0,240,244,0,273,279,0,154,160,0,266,268,0,341,341,0,173,173,0,205,213,0
H144,H.Int,136,140,154,260,266,0,284,294,0,166,170,0,192,192,0,234,240,244,273,279,0,154,160,0,266,268,0,341,341,0,173,173,0,205,213,0
H145,H.Int,140,142,158,260,266,0,284,294,0,166,170,0,192,192,0,240,244,0,273,279,0,154,160,0,266,268,0,341,341,0,173,173,0,205,213,0
H147,H.Int,134,140,158,260,264,266,284,294,0,166,170,0,192,192,0,240,244,0,273,279,0,154,160,164,266,268,0,341,341,0,173,173,0,205,213,0
H148,H.Int,136,140,152,260,266,0,284,294,0,166,170,0,192,192,0,240,244,0,273,279,0,154,160,0,266,266,0,341,341,0,173,173,0,205,213,0
H150,H.Int,136,140,152,260,266,0,284,294,0,166,170,0,192,192,0,240,244,0,273,279,0,154,160,0,266,268,0,341,341,0,173,173,0,205,213,0
H152,H.Int,136,140,150,260,266,0,284,294,0,166,170,0,192,192,0,240,244,0,273,279,0,154,160,0,266,266,0,341,341,0,173,173,0,205,213,0
H153,H.Int,136,144,150,260,266,0,284,294,0,166,170,0,192,192,0,240,244,0,273,279,0,154,160,0,266,266,0,341,341,0,173,173,0,205,213,0
H154,H.Int,136,144,150,260,266,0,284,294,0,166,170,0,192,192,0,240,244,0,273,279,0,154,160,0,266,266,0,341,341,0,173,173,0,205,213,0
H156,H.Int,136,140,150,260,266,0,284,294,0,166,170,0,192,192,0,240,244,0,273,279,0,154,160,0,266,266,0,341,341,0,173,173,0,205,213,0
H157,H.Int,136,144,150,260,266,0,284,294,0,166,170,0,192,192,0,240,244,0,273,279,0,154,160,0,266,266,0,341,341,0,173,173,0,205,213,0
H159,H.Int,138,140,150,260,266,0,284,294,0,166,170,0,192,192,0,240,244,0,273,279,0,154,160,0,266,266,0,331,341,0,173,173,0,205,213,0
H160,H.Int,140,142,158,260,266,0,284,294,298,166,170,0,192,192,0,240,244,0,273,279,0,154,160,164,266,268,0,341,341,0,173,173,0,205,213,0
H162,H.Int,136,140,150,260,266,0,284,294,0,166,170,0,192,192,0,240,244,0,273,279,0,154,160,0,266,266,0,341,341,0,173,173,0,205,213,0
H163,H.Int,136,140,150,260,266,0,284,294,0,166,170,0,192,192,0,240,244,0,273,279,0,154,160,0,266,266,0,341,341,0,173,173,0,205,213,0
H164,H.Int,136,140,154,260,266,0,284,294,0,166,170,0,192,192,0,240,244,0,273,279,0,154,160,0,266,266,0,341,341,0,173,173,0,205,213,0
H165,H.Int,136,140,150,260,264,0,284,294,0,166,170,0,192,192,0,240,244,0,273,279,0,154,160,0,266,266,0,341,341,0,173,173,0,205,213,0
H167,H.Int,136,140,150,260,266,0,284,294,0,166,170,0,192,192,0,240,244,0,273,279,0,154,160,0,266,266,0,341,341,0,173,173,0,205,213,0
H168,H.Int,136,140,150,254,260,266,284,294,0,166,170,0,192,192,0,240,244,0,273,279,0,154,160,0,266,266,0,331,341,0,173,173,0,205,213,0
H169,H.Int,136,140,154,260,266,0,284,294,0,166,170,0,192,192,0,240,244,0,273,279,0,154,160,0,266,266,0,341,341,0,173,173,0,205,213,0
H171,H.Int,136,140,152,260,266,0,284,294,0,166,170,0,192,192,0,240,244,0,273,279,0,154,160,0,266,266,0,341,341,0,173,173,0,205,213,0
H172,H.Int,136,140,150,260,266,0,284,294,0,166,170,0,192,192,0,240,244,0,273,279,0,154,160,0,266,266,0,341,341,0,173,173,0,205,213,0
H174,H.Int,136,140,154,260,266,0,284,294,0,166,170,0,192,192,0,240,244,0,273,279,0,154,160,0,266,266,0,341,341,0,173,173,0,205,213,0
H175,H.Int,136,140,150,260,264,266,284,294,0,166,170,0,192,192,0,240,244,0,273,279,0,154,160,0,266,266,0,331,341,0,173,173,0,205,213,0
H177,H.Int,136,140,154,260,266,0,284,294,0,166,170,0,192,192,0,240,244,0,273,279,0,154,160,0,266,266,0,341,341,0,173,173,0,205,213,0
H178,H.Int,136,140,150,260,266,0,284,294,0,166,170,0,192,192,0,240,244,0,273,279,0,154,160,0,266,266,0,341,341,0,173,173,0,205,213,0
H179,H.Int,136,140,154,260,260,0,284,294,0,166,170,0,192,192,0,240,244,0,273,279,0,154,160,0,266,266,0,341,341,0,173,173,0,205,213,0
H180,H.Int,136,140,154,260,260,0,284,294,0,166,170,0,192,192,0,240,244,0,273,279,0,154,160,0,266,266,0,341,341,0,173,173,0,205,213,0
H182,H.Int,136,140,154,260,264,266,284,294,0,166,170,0,192,192,0,240,244,0,273,279,0,154,160,0,266,266,0,341,341,0,173,173,0,205,213,0
H184,H.Int,136,140,150,260,266,0,284,294,0,166,170,0,192,192,0,240,244,0,273,279,0,154,160,0,266,266,0,341,341,0,173,173,0,205,213,0
H187,H.Int,136,140,150,260,266,0,284,294,0,166,170,0,192,192,0,240,244,0,273,279,0,154,160,0,266,268,0,331,341,0,173,173,0,205,213,0
H190,H.Int,136,140,150,260,266,0,284,294,0,166,170,0,192,192,0,240,244,0,273,279,0,154,160,0,266,266,0,341,341,0,173,173,0,205,213,0
H191,H.Int,136,140,154,260,266,0,284,294,0,166,170,0,192,192,0,240,244,0,273,279,0,154,160,0,266,266,0,341,341,0,173,173,0,205,213,0
H192,H.Int,136,140,150,260,266,0,284,294,0,166,170,0,192,192,0,240,244,0,273,279,0,154,160,0,266,266,0,331,341,0,173,173,0,205,213,0
H193,H.Int,136,140,154,260,266,0,284,294,0,166,170,0,192,192,0,240,244,0,273,279,0,154,160,0,266,266,0,331,341,0,173,173,0,205,213,0
H195,H.Int,136,140,150,260,264,266,284,294,0,166,170,0,192,192,0,240,244,0,273,279,0,154,160,0,266,266,0,341,341,0,173,173,0,205,213,0
H196,H.Int,136,140,150,260,264,266,284,294,0,166,170,0,192,192,0,240,244,0,273,279,0,154,160,0,266,266,0,341,341,0,173,173,0,205,213,0
H198,H.Int,136,140,152,260,266,0,284,294,0,166,170,0,192,192,0,240,244,0,273,279,0,154,160,0,266,266,0,341,341,0,173,173,0,205,213,0
H199,H.Int,136,140,150,260,264,0,284,294,0,166,170,0,192,192,0,240,244,0,273,279,0,154,160,0,266,266,0,341,341,0,173,173,0,205,213,0
H201,H.Int,136,146,150,260,266,0,284,294,0,166,170,0,192,192,0,240,244,0,273,279,0,154,160,0,266,266,0,341,341,0,173,173,0,205,213,0
H202,H.Int,136,140,152,260,264,266,284,294,0,166,170,0,192,192,0,240,244,0,273,279,0,154,160,0,266,266,0,341,341,0,173,173,0,205,213,0
H203,H.Int,136,140,150,260,266,0,284,294,0,166,170,0,192,192,0,240,244,0,273,279,0,154,160,0,266,266,0,341,341,0,173,173,0,205,213,0
H204,H.Int,136,138,152,260,264,266,284,294,0,166,170,0,192,192,0,240,244,0,273,279,0,154,160,0,266,266,0,341,341,0,173,173,0,205,213,0
H206,H.Int,136,138,150,260,264,266,284,294,0,166,170,0,192,192,0,240,244,0,273,279,0,154,160,0,266,266,0,341,341,0,173,173,0,205,213,0
H207,H.Int,136,140,150,260,266,0,284,294,0,166,170,0,192,192,0,240,244,0,273,279,0,154,160,0,266,266,0,341,341,0,173,173,0,205,213,0
H211,H.Int,136,140,150,260,266,0,284,294,0,166,170,0,192,192,0,240,244,0,273,279,0,154,160,0,266,266,0,341,341,0,173,173,0,205,213,0
H215,H.Int,136,140,150,260,266,0,284,294,0,166,170,0,192,192,0,240,244,0,273,279,0,154,160,0,266,266,0,341,341,0,173,173,0,205,213,0
H217,H.Int,134,136,152,260,260,0,284,292,0,166,170,0,192,192,0,240,244,0,273,279,0,154,160,0,266,266,0,331,341,0,173,173,0,205,213,0
H218,H.Int,136,140,150,260,266,0,284,294,0,166,170,0,192,192,0,240,244,0,273,279,0,154,160,0,266,266,0,341,341,0,173,173,0,205,213,0
H221,H.Int,140,140,0,260,266,0,284,294,0,166,170,0,192,192,0,240,244,0,273,279,0,154,160,0,266,266,0,341,341,0,173,173,0,205,213,0
H223,H.Int,136,140,150,260,266,0,284,292,294,166,170,0,192,192,0,240,244,0,273,279,0,154,160,0,266,266,0,341,341,0,173,173,0,205,213,0
H227,H.Int,136,140,154,260,266,0,284,294,0,166,170,0,192,192,0,240,244,0,273,279,0,154,160,0,266,266,0,341,341,0,173,173,0,205,213,0
H228,H.Int,136,136,0,260,260,0,294,294,0,166,170,0,192,192,0,240,244,0,273,279,0,154,160,0,266,266,0,341,341,0,173,173,0,205,213,0
H231,H.Int,136,140,150,260,260,0,284,294,0,166,170,0,192,192,0,240,244,0,273,279,0,154,160,0,266,266,0,341,341,0,173,173,0,205,213,0
H233,H.Int,136,144,152,260,266,0,284,294,0,166,170,0,192,192,0,240,244,0,273,279,0,160,160,0,266,266,0,341,341,0,173,173,0,205,213,0
H235,H.Int,136,140,152,260,266,0,284,294,0,166,170,0,192,192,0,240,244,0,273,279,0,154,158,0,266,266,0,341,341,0,173,173,0,205,213,0
H236,H.Int,134,144,150,260,266,0,284,294,0,166,170,0,192,192,0,240,244,0,273,279,0,154,160,0,266,266,0,341,341,0,173,173,0,205,213,0
H238,H.Int,136,140,152,260,266,0,284,294,0,166,170,0,192,192,0,240,244,0,279,279,0,154,160,0,266,266,0,341,341,0,173,173,0,205,213,0
H242,H.Int,136,152,0,260,260,0,284,294,0,166,166,0,192,192,0,240,244,0,273,279,0,154,160,0,266,268,0,331,341,0,173,173,0,205,213,0
H244,H.Int,136,144,152,260,266,0,284,294,0,166,170,0,192,192,0,240,244,0,273,279,0,154,160,0,266,268,0,341,341,0,173,173,0,205,213,0
H247,H.Int,136,140,156,260,260,0,284,294,0,166,170,0,192,192,0,240,244,0,273,279,0,154,160,0,266,268,0,341,341,0,173,173,0,205,213,0
G15,G.Sm,140,154,0,260,266,0,284,294,0,166,170,0,192,192,0,240,244,0,273,279,0,154,160,0,266,268,0,341,341,0,173,173,0,205,213,0
G16,G.Sm,140,158,0,260,266,0,284,294,298,166,170,0,192,192,0,240,244,0,273,279,0,154,160,164,266,268,0,341,341,0,173,175,0,205,213,0
G23,G.Cht,136,140,154,260,266,0,284,294,0,166,170,0,192,192,0,240,244,0,273,279,0,154,160,0,266,268,0,341,341,0,173,173,0,205,213,0
G29,G.Sol,136,136,0,264,266,0,284,294,0,166,170,0,192,192,0,242,244,0,270,279,0,156,156,0,266,268,0,341,355,0,173,175,0,205,213,217
G40,G.Htg,136,140,158,260,266,0,284,294,0,166,170,0,192,192,0,240,244,0,273,279,0,154,160,0,266,268,0,341,341,0,173,173,0,205,213,0
G41,G.Htg,110,110,0,264,266,0,284,300,302,166,170,0,192,192,0,242,244,0,270,279,0,134,156,0,268,268,0,331,341,355,173,175,0,205,213,0
G49,G.Htg,108,108,0,264,266,0,284,284,0,166,170,0,192,192,0,242,244,0,270,279,0,134,156,0,268,268,0,331,341,355,173,175,0,205,213,0
G52,G.Htg,110,110,0,264,266,0,284,286,296,166,170,0,192,192,0,242,244,0,270,279,0,134,154,156,266,268,0,331,341,355,173,173,0,205,213,0
G53,G.Htg,136,136,0,264,266,0,284,292,0,166,170,0,192,192,0,242,244,0,270,279,0,156,156,0,266,268,0,341,355,0,173,175,0,205,213,217
CRA_W_011-13A2,13A2,136,138,156,260,266,0,284,294,0,166,170,0,192,192,0,240,244,0,273,279,0,154,160,0,266,268,0,341,341,0,173,173,0,205,213,0
13_14AN1_1-13A2,13A2,136,140,154,260,266,0,294,296,0,166,170,0,192,192,0,240,244,0,273,279,0,154,160,164,266,268,0,341,341,0,173,173,0,205,213,0
25_14AN3_5-13A2,13A2,136,138,154,260,266,0,284,294,0,166,170,0,192,192,0,240,244,0,273,279,0,154,160,164,266,270,0,341,341,0,173,173,0,205,213,0
P10106-US7A2,US7A2,110,110,0,264,266,0,284,302,0,166,170,0,192,192,0,244,244,0,279,279,0,134,156,0,266,268,0,331,341,0,173,173,0,213,213,0
